name,interest,email,password,id
Ricki Anersen,Stand-up comedy,rpeetz@npr.org,37e69990-26db-440d-9641-741fa3596dae,1
Aigneis Venneur,Digital arts,kaitkeny@telegraph.co.uk,2fe951e4-9ca9-44e1-8d16-a7d2e152ddb9,2
Lydie Turton,Coffee roasting,mbastide5k@nymag.com,c0bcfdeb-ca30-4ab0-ade6-3cf5d5f09a3c,3
Tobey Linne,Kayaking,mbastide5k@nymag.com,2b41825f-55cf-4347-80f3-a75da9c5622d,4
Renato Brizell,Sculpting,mjohanningv@pen.io,136fd767-7f2f-427a-82f8-e40bd727748c,5
Gilemette Halward,Kayaking,vhefforde46@fc2.com,9d22c46d-fab4-495e-9a4e-c3f76aa7029b,6
Geno Beston,Orienteering,mstquintin3k@youku.com,1a1e423d-4c19-4d37-810a-e9b173d1181d,7
Florida Bartel,Scrapbooking,mfilon32@hc360.com,1190f39e-23f3-4f8d-bdad-60bfe976f46e,8
Denis MacDowal,Snowboarding,gfraschetti54@independent.co.uk,e82f0dd0-8f5c-400d-9a0c-1a304e56ac93,9
Traver Abdee,Sudoku,laery17@mozilla.org,c61dfcd4-3f8e-4527-80a6-95892c1a8b6b,10
Ricki Weatherburn,Creative writing,carckoll8@ebay.co.uk,4a9540c8-968c-439b-b64f-7a725bf8338d,11
Iolande Gwillim,Gaming,mfilon32@hc360.com,4a093e30-88b0-4144-9f68-af72e321484b,12
Bertrand Wathall,Flower arranging,tborth5b@zimbio.com,f45df017-2181-4e58-8e08-98d1584c67c3,13
Matthew Weatherburn,Skiing,cfendt3j@narod.ru,0eae8123-030b-41fb-bc7b-6fff4867ccf4,14
Doretta McCardle,Creative writing,pleverage1z@salon.com,f029e575-6f50-450e-84f0-72542cbb83a5,15
Birch Ference,Rugby,pravillas4l@yale.edu,3feff201-8d05-465c-a09f-4f640a939020,16
Cirilo Ciani,Coffee roasting,rkerridge14@berkeley.edu,77227c15-6f95-40b3-832a-03eaa2ac41e7,17
Daniele Schafer,Rock climbing,eupward4x@php.net,da3f2f3b-5bcc-4e6d-89b7-87021717efc7,18
Sella Venneur,Calligraphy,cmeddows1q@aboutads.info,f28b2233-6c4a-4b0c-98bb-bde9f163b237,19
Arlana Hemerijk,Drawing,mtomkin5g@4shared.com,fd96b83d-9bc7-4786-b5d6-97421b8a9598,20